group,pair_id,domain,normalized_label,length,vowel_ratio,entropy_bits,repeated_char_ratio
readable_control,1,coursesearch.invalid,coursesearch,12,0.4166666666666667,2.918295834054489,0.5
uniform_letters,1,uivvikcpbibd.invalid,uivvikcpbibd,12,0.3333333333333333,2.8553885422075336,0.375
wordlist_pairs,1,cranelantern.invalid,cranelantern,12,0.3333333333333333,2.688721875540867,0.5714285714285714
readable_control,2,researchsearch.invalid,researchsearch,14,0.35714285714285715,2.556656707462823,1.0
uniform_letters,2,merytaprjobsin.invalid,merytaprjobsin,14,0.2857142857142857,3.6644977792004614,0.07692307692307693
wordlist_pairs,2,morninglantern.invalid,morninglantern,14,0.2857142857142857,3.0930692077718898,0.2
readable_control,3,teacherportal.invalid,teacherportal,13,0.38461538461538464,3.0850551027564768,0.4444444444444444
uniform_letters,3,apoxeazfssgnn.invalid,apoxeazfssgnn,13,0.3076923076923077,3.238901256602631,0.3
wordlist_pairs,3,winterblossom.invalid,winterblossom,13,0.3076923076923077,3.3927474104487847,0.18181818181818182
readable_control,4,lecturesearch.invalid,lecturesearch,13,0.38461538461538464,3.0269868333592873,0.3333333333333333
uniform_letters,4,jnaijtatpbjmb.invalid,jnaijtatpbjmb,13,0.23076923076923078,2.873140679513133,0.5
wordlist_pairs,4,orchardsilver.invalid,orchardsilver,13,0.3076923076923077,3.334679141051595,0.09090909090909091
readable_control,5,sciencesearch.invalid,sciencesearch,13,0.38461538461538464,2.8150724101159437,0.375
uniform_letters,5,gzwxbhdxoklif.invalid,gzwxbhdxoklif,13,0.15384615384615385,3.546593564294939,0.08333333333333333
wordlist_pairs,5,whisperharbor.invalid,whisperharbor,13,0.3076923076923077,3.180832987205441,0.2
readable_control,6,studentpage.invalid,studentpage,11,0.36363636363636365,3.095795255000934,0.2222222222222222
uniform_letters,6,qwdifllippz.invalid,qwdifllippz,11,0.18181818181818182,2.913977073182752,0.375
wordlist_pairs,6,ivoryforest.invalid,ivoryforest,11,0.36363636363636365,3.095795255000934,0.2222222222222222
readable_control,7,classforum.invalid,classforum,10,0.3,3.1219280948873624,0.1111111111111111
uniform_letters,7,wsgrgsaswn.invalid,wsgrgsaswn,10,0.1,2.4464393446710155,0.5
wordlist_pairs,7,quiettrail.invalid,quiettrail,10,0.5,2.9219280948873623,0.25
readable_control,8,campuscloud.invalid,campuscloud,11,0.36363636363636365,3.095795255000934,0.2222222222222222
uniform_letters,8,lfvypubwmpj.invalid,lfvypubwmpj,11,0.09090909090909091,3.2776134368191157,0.1
wordlist_pairs,8,whisperlake.invalid,whisperlake,11,0.36363636363636365,3.2776134368191157,0.1
readable_control,9,researchnotes.invalid,researchnotes,13,0.38461538461538464,3.0269868333592873,0.3333333333333333
uniform_letters,9,hgbmadzrfcufk.invalid,hgbmadzrfcufk,13,0.15384615384615385,3.546593564294939,0.08333333333333333
wordlist_pairs,9,sunrisemeadow.invalid,sunrisemeadow,13,0.46153846153846156,3.3927474104487847,0.18181818181818182
readable_control,10,libraryhelp.invalid,libraryhelp,11,0.2727272727272727,3.095795255000934,0.2222222222222222
uniform_letters,10,koiymnjdgln.invalid,koiymnjdgln,11,0.18181818181818182,3.2776134368191157,0.1
wordlist_pairs,10,harborwater.invalid,harborwater,11,0.36363636363636365,2.8453509366224368,0.25
readable_control,11,classcloud.invalid,classcloud,10,0.3,2.721928094887362,0.42857142857142855
uniform_letters,11,dsjqffhygf.invalid,dsjqffhygf,10,0.0,2.8464393446710154,0.125
wordlist_pairs,11,charmhoney.invalid,charmhoney,10,0.3,3.1219280948873624,0.1111111111111111
readable_control,12,schoollogin.invalid,schoollogin,11,0.36363636363636365,2.8453509366224368,0.25
uniform_letters,12,edycdlwvwll.invalid,edycdlwvwll,11,0.09090909090909091,2.6635327548042547,0.42857142857142855
wordlist_pairs,12,willowamber.invalid,willowamber,11,0.36363636363636365,3.095795255000934,0.2222222222222222
readable_control,13,schoolportal.invalid,schoolportal,12,0.3333333333333333,3.0220552088742005,0.2222222222222222
uniform_letters,13,zwlrzefjzkes.invalid,zwlrzefjzkes,12,0.16666666666666666,3.0220552088742005,0.2222222222222222
wordlist_pairs,13,horizonolive.invalid,horizonolive,12,0.5,3.0220552088742005,0.2222222222222222
readable_control,14,classnotes.invalid,classnotes,10,0.3,2.8464393446710154,0.125
uniform_letters,14,qnkxedgxso.invalid,qnkxedgxso,10,0.2,3.1219280948873624,0.1111111111111111
wordlist_pairs,14,meadowpond.invalid,meadowpond,10,0.4,2.9219280948873623,0.25
readable_control,15,libraryforum.invalid,libraryforum,12,0.3333333333333333,3.188721875540867,0.1
uniform_letters,15,hphdqredkwan.invalid,hphdqredkwan,12,0.16666666666666666,3.2516291673878226,0.2
wordlist_pairs,15,shorelantern.invalid,shorelantern,12,0.3333333333333333,3.084962500721156,0.3333333333333333
readable_control,16,teachercloud.invalid,teachercloud,12,0.4166666666666667,3.2516291673878226,0.2
uniform_letters,16,vmtzepfkwbro.invalid,vmtzepfkwbro,12,0.16666666666666666,3.584962500721156,0.0
wordlist_pairs,16,shoremorning.invalid,shoremorning,12,0.3333333333333333,3.084962500721156,0.3333333333333333
readable_control,17,lecturehelp.invalid,lecturehelp,11,0.36363636363636365,2.8453509366224368,0.25
uniform_letters,17,ceqwnkdspgu.invalid,ceqwnkdspgu,11,0.18181818181818182,3.4594316186372973,0.0
wordlist_pairs,17,harborbread.invalid,harborbread,11,0.36363636363636365,2.6635327548042547,0.42857142857142855
readable_control,18,classpage.invalid,classpage,9,0.3333333333333333,2.725480556997868,0.2857142857142857
uniform_letters,18,rpimvwing.invalid,rpimvwing,9,0.2222222222222222,2.94770277922009,0.125
wordlist_pairs,18,stonepond.invalid,stonepond,9,0.3333333333333333,2.725480556997868,0.2857142857142857
readable_control,19,scienceguide.invalid,scienceguide,12,0.5,2.8553885422075336,0.375
uniform_letters,19,vijndyoutecz.invalid,vijndyoutecz,12,0.3333333333333333,3.584962500721156,0.0
wordlist_pairs,19,cranesunrise.invalid,cranesunrise,12,0.4166666666666667,2.918295834054489,0.5
readable_control,20,coursehelp.invalid,coursehelp,10,0.4,3.1219280948873624,0.1111111111111111
uniform_letters,20,ujtsakcpiw.invalid,ujtsakcpiw,10,0.3,3.3219280948873626,0.0
wordlist_pairs,20,oceanocean.invalid,oceanocean,10,0.6,2.321928094887362,1.0
readable_control,21,classlogin.invalid,classlogin,10,0.3,2.9219280948873623,0.25
uniform_letters,21,hgnqkoswpr.invalid,hgnqkoswpr,10,0.1,3.3219280948873626,0.0
wordlist_pairs,21,honeyflock.invalid,honeyflock,10,0.3,3.1219280948873624,0.1111111111111111
readable_control,22,teacherpage.invalid,teacherpage,11,0.45454545454545453,2.8453509366224368,0.25
uniform_letters,22,sdaxclirbyq.invalid,sdaxclirbyq,11,0.18181818181818182,3.4594316186372973,0.0
wordlist_pairs,22,winterember.invalid,winterember,11,0.36363636363636365,2.8453509366224368,0.25
readable_control,23,facultypage.invalid,facultypage,11,0.36363636363636365,3.2776134368191157,0.1
uniform_letters,23,leoaulrsrxu.invalid,leoaulrsrxu,11,0.45454545454545453,2.913977073182752,0.375
wordlist_pairs,23,oliveharbor.invalid,oliveharbor,11,0.45454545454545453,3.095795255000934,0.2222222222222222
readable_control,24,researchpage.invalid,researchpage,12,0.4166666666666667,2.8553885422075336,0.375
uniform_letters,24,sfmywxjowjvj.invalid,sfmywxjowjvj,12,0.08333333333333333,3.0220552088742005,0.2222222222222222
wordlist_pairs,24,morningstorm.invalid,morningstorm,12,0.25,2.918295834054489,0.5
readable_control,25,studentlogin.invalid,studentlogin,12,0.3333333333333333,3.2516291673878226,0.2
uniform_letters,25,vxqwidjhtkhn.invalid,vxqwidjhtkhn,12,0.08333333333333333,3.4182958340544896,0.09090909090909091
wordlist_pairs,25,grainwhisper.invalid,grainwhisper,12,0.3333333333333333,3.2516291673878226,0.2
readable_control,26,projectsearch.invalid,projectsearch,13,0.3076923076923077,3.238901256602631,0.3
uniform_letters,26,prgyrbvtvgfgz.invalid,prgyrbvtvgfgz,13,0.0,3.0269868333592873,0.3333333333333333
wordlist_pairs,26,valleyharvest.invalid,valleyharvest,13,0.3076923076923077,3.0850551027564768,0.4444444444444444
readable_control,27,lectureemail.invalid,lectureemail,12,0.5,3.0220552088742005,0.2222222222222222
uniform_letters,27,ounujqxtncrr.invalid,ounujqxtncrr,12,0.25,3.084962500721156,0.3333333333333333
wordlist_pairs,27,sunrisewater.invalid,sunrisewater,12,0.4166666666666667,3.084962500721156,0.3333333333333333
readable_control,28,studenthelp.invalid,studenthelp,11,0.2727272727272727,3.095795255000934,0.2222222222222222
uniform_letters,28,nngwbdzuvny.invalid,nngwbdzuvny,11,0.09090909090909091,3.0271691184406184,0.1111111111111111
wordlist_pairs,28,coralsummer.invalid,coralsummer,11,0.36363636363636365,3.095795255000934,0.2222222222222222
readable_control,29,schoolcloud.invalid,schoolcloud,11,0.36363636363636365,2.6635327548042547,0.42857142857142855
uniform_letters,29,zlwsvsketpa.invalid,zlwsvsketpa,11,0.18181818181818182,3.2776134368191157,0.1
wordlist_pairs,29,summerbeach.invalid,summerbeach,11,0.36363636363636365,3.095795255000934,0.2222222222222222
readable_control,30,campuspage.invalid,campuspage,10,0.4,2.9219280948873623,0.25
uniform_letters,30,jlwjbenkfo.invalid,jlwjbenkfo,10,0.2,3.1219280948873624,0.1111111111111111
wordlist_pairs,30,breadglade.invalid,breadglade,10,0.4,2.721928094887362,0.42857142857142855
readable_control,31,campushelp.invalid,campushelp,10,0.3,3.1219280948873624,0.1111111111111111
uniform_letters,31,vlgbxentfe.invalid,vlgbxentfe,10,0.2,3.1219280948873624,0.1111111111111111
wordlist_pairs,31,maplebread.invalid,maplebread,10,0.4,2.9219280948873623,0.25
readable_control,32,teachernotes.invalid,teachernotes,12,0.4166666666666667,3.0220552088742005,0.2222222222222222
uniform_letters,32,xszzoqhdkour.invalid,xszzoqhdkour,12,0.25,3.2516291673878226,0.2
wordlist_pairs,32,ravenhorizon.invalid,ravenhorizon,12,0.4166666666666667,3.084962500721156,0.3333333333333333
readable_control,33,facultysearch.invalid,facultysearch,13,0.3076923076923077,3.3927474104487847,0.18181818181818182
uniform_letters,33,vszmwfaqxxemt.invalid,vszmwfaqxxemt,13,0.15384615384615385,3.3927474104487847,0.18181818181818182
wordlist_pairs,33,summerwhisper.invalid,summerwhisper,13,0.3076923076923077,3.0850551027564768,0.4444444444444444
readable_control,34,campuslogin.invalid,campuslogin,11,0.36363636363636365,3.4594316186372973,0.0
uniform_letters,34,qvuyloyiiil.invalid,qvuyloyiiil,11,0.45454545454545453,2.6635327548042547,0.42857142857142855
wordlist_pairs,34,bloomwinter.invalid,bloomwinter,11,0.36363636363636365,3.2776134368191157,0.1
readable_control,35,lectureguide.invalid,lectureguide,12,0.5,3.0220552088742005,0.2222222222222222
uniform_letters,35,aoyfcsgxxuoh.invalid,aoyfcsgxxuoh,12,0.3333333333333333,3.2516291673878226,0.2
wordlist_pairs,35,horizonhazel.invalid,horizonhazel,12,0.4166666666666667,3.084962500721156,0.3333333333333333
readable_control,36,facultylogin.invalid,facultylogin,12,0.3333333333333333,3.4182958340544896,0.09090909090909091
uniform_letters,36,cslavfgtyfnz.invalid,cslavfgtyfnz,12,0.08333333333333333,3.4182958340544896,0.09090909090909091
wordlist_pairs,36,whisperhoney.invalid,whisperhoney,12,0.3333333333333333,3.2516291673878226,0.2
readable_control,37,studentsearch.invalid,studentsearch,13,0.3076923076923077,3.238901256602631,0.3
uniform_letters,37,gqtzgyqdcbknp.invalid,gqtzgyqdcbknp,13,0.0,3.3927474104487847,0.18181818181818182
wordlist_pairs,37,forestwhisper.invalid,forestwhisper,13,0.3076923076923077,3.238901256602631,0.3
readable_control,38,coursepage.invalid,coursepage,10,0.5,3.1219280948873624,0.1111111111111111
uniform_letters,38,jddjjxbthu.invalid,jddjjxbthu,10,0.1,2.6464393446710157,0.2857142857142857
wordlist_pairs,38,ivoryolive.invalid,ivoryolive,10,0.5,2.721928094887362,0.42857142857142855
readable_control,39,projectlogin.invalid,projectlogin,12,0.3333333333333333,3.4182958340544896,0.09090909090909091
uniform_letters,39,gtygwnkpvstc.invalid,gtygwnkpvstc,12,0.0,3.2516291673878226,0.2
wordlist_pairs,39,summersilver.invalid,summersilver,12,0.3333333333333333,2.918295834054489,0.5
readable_control,40,coursecloud.invalid,coursecloud,11,0.45454545454545453,2.913977073182752,0.375
uniform_letters,40,jknqgnhapzq.invalid,jknqgnhapzq,11,0.09090909090909091,3.095795255000934,0.2222222222222222
wordlist_pairs,40,lakethunder.invalid,lakethunder,11,0.36363636363636365,3.2776134368191157,0.1
readable_control,41,lecturenotes.invalid,lecturenotes,12,0.4166666666666667,3.0220552088742005,0.2222222222222222
uniform_letters,41,jcddhbcnhmlc.invalid,jcddhbcnhmlc,12,0.0,2.8553885422075336,0.375
wordlist_pairs,41,trailblossom.invalid,trailblossom,12,0.3333333333333333,3.084962500721156,0.3333333333333333
readable_control,42,researchcloud.invalid,researchcloud,13,0.38461538461538464,3.238901256602631,0.3
uniform_letters,42,nrlrpfivudkus.invalid,nrlrpfivudkus,13,0.23076923076923078,3.3927474104487847,0.18181818181818182
wordlist_pairs,42,meadowlantern.invalid,meadowlantern,13,0.38461538461538464,3.238901256602631,0.3
readable_control,43,projectcloud.invalid,projectcloud,12,0.3333333333333333,3.2516291673878226,0.2
uniform_letters,43,pdrdphqxabyz.invalid,pdrdphqxabyz,12,0.08333333333333333,3.2516291673878226,0.2
wordlist_pairs,43,maplethunder.invalid,maplethunder,12,0.3333333333333333,3.4182958340544896,0.09090909090909091
readable_control,44,schoolsearch.invalid,schoolsearch,12,0.3333333333333333,2.918295834054489,0.5
uniform_letters,44,nsgmbvcsnoym.invalid,nsgmbvcsnoym,12,0.08333333333333333,3.084962500721156,0.3333333333333333
wordlist_pairs,44,blossomrobin.invalid,blossomrobin,12,0.3333333333333333,2.8553885422075336,0.375
readable_control,45,studentnotes.invalid,studentnotes,12,0.3333333333333333,2.688721875540867,0.5714285714285714
uniform_letters,45,uywgrwrflvok.invalid,uywgrwrflvok,12,0.16666666666666666,3.2516291673878226,0.2
wordlist_pairs,45,sunrisepearl.invalid,sunrisepearl,12,0.4166666666666667,3.084962500721156,0.3333333333333333
readable_control,46,libraryemail.invalid,libraryemail,12,0.4166666666666667,2.918295834054489,0.5
uniform_letters,46,yckbpcqzoiky.invalid,yckbpcqzoiky,12,0.16666666666666666,3.084962500721156,0.3333333333333333
wordlist_pairs,46,horizonriver.invalid,horizonriver,12,0.4166666666666667,2.8553885422075336,0.375
readable_control,47,schoolforum.invalid,schoolforum,11,0.36363636363636365,3.0271691184406184,0.1111111111111111
uniform_letters,47,nznfxbvhhxm.invalid,nznfxbvhhxm,11,0.0,2.913977073182752,0.375
wordlist_pairs,47,valleyflame.invalid,valleyflame,11,0.36363636363636365,2.6635327548042547,0.42857142857142855
readable_control,48,librarynotes.invalid,librarynotes,12,0.3333333333333333,3.4182958340544896,0.09090909090909091
uniform_letters,48,fwtjapidcoeh.invalid,fwtjapidcoeh,12,0.3333333333333333,3.584962500721156,0.0
wordlist_pairs,48,harborwinter.invalid,harborwinter,12,0.3333333333333333,3.188721875540867,0.1
readable_control,49,librarypage.invalid,librarypage,11,0.36363636363636365,3.095795255000934,0.2222222222222222
uniform_letters,49,uvrvwfayxek.invalid,uvrvwfayxek,11,0.2727272727272727,3.2776134368191157,0.1
wordlist_pairs,49,valleyfield.invalid,valleyfield,11,0.36363636363636365,2.8453509366224368,0.25
readable_control,50,facultyemail.invalid,facultyemail,12,0.4166666666666667,3.2516291673878226,0.2
uniform_letters,50,smlyzukerlrl.invalid,smlyzukerlrl,12,0.16666666666666666,3.0220552088742005,0.2222222222222222
wordlist_pairs,50,thunderglade.invalid,thunderglade,12,0.3333333333333333,3.2516291673878226,0.2
readable_control,51,researchportal.invalid,researchportal,14,0.35714285714285715,3.1820058147602133,0.3
uniform_letters,51,vdbyofalygaiva.invalid,vdbyofalygaiva,14,0.35714285714285715,3.1820058147602133,0.3
wordlist_pairs,51,lanternsunrise.invalid,lanternsunrise,14,0.35714285714285715,3.0391486719030705,0.4444444444444444
readable_control,52,libraryguide.invalid,libraryguide,12,0.4166666666666667,3.2516291673878226,0.2
uniform_letters,52,dfcfmrayzgtd.invalid,dfcfmrayzgtd,12,0.08333333333333333,3.2516291673878226,0.2
wordlist_pairs,52,pearlrainbow.invalid,pearlrainbow,12,0.4166666666666667,3.2516291673878226,0.2
readable_control,53,facultycloud.invalid,facultycloud,12,0.3333333333333333,3.084962500721156,0.3333333333333333
uniform_letters,53,vovlbruhcnee.invalid,vovlbruhcnee,12,0.3333333333333333,3.2516291673878226,0.2
wordlist_pairs,53,sunriseocean.invalid,sunriseocean,12,0.5,3.084962500721156,0.3333333333333333
readable_control,54,researchemail.invalid,researchemail,13,0.46153846153846156,3.0269868333592873,0.3333333333333333
uniform_letters,54,tqsxtcppjfmpb.invalid,tqsxtcppjfmpb,13,0.0,3.180832987205441,0.2
wordlist_pairs,54,blossomvalley.invalid,blossomvalley,13,0.3076923076923077,3.0269868333592873,0.3333333333333333
readable_control,55,schoolhelp.invalid,schoolhelp,10,0.3,2.721928094887362,0.42857142857142855
uniform_letters,55,gomnpbkqko.invalid,gomnpbkqko,10,0.2,2.9219280948873623,0.25
wordlist_pairs,55,watercreek.invalid,watercreek,10,0.4,2.6464393446710157,0.2857142857142857
readable_control,56,schoolnotes.invalid,schoolnotes,11,0.36363636363636365,2.8453509366224368,0.25
uniform_letters,56,reqdtogiodt.invalid,reqdtogiodt,11,0.36363636363636365,2.913977073182752,0.375
wordlist_pairs,56,frostmeadow.invalid,frostmeadow,11,0.36363636363636365,3.2776134368191157,0.1
readable_control,57,courseemail.invalid,courseemail,11,0.5454545454545454,3.2776134368191157,0.1
uniform_letters,57,ansjjdygyyx.invalid,ansjjdygyyx,11,0.09090909090909091,2.8453509366224368,0.25
wordlist_pairs,57,stormforest.invalid,stormforest,11,0.2727272727272727,2.7321588913645702,0.5714285714285714
readable_control,58,campusportal.invalid,campusportal,12,0.3333333333333333,3.2516291673878226,0.2
uniform_letters,58,rejkckprsjjx.invalid,rejkckprsjjx,12,0.08333333333333333,2.8553885422075336,0.375
wordlist_pairs,58,lanternocean.invalid,lanternocean,12,0.4166666666666667,2.8553885422075336,0.375
readable_control,59,projectforum.invalid,projectforum,12,0.3333333333333333,3.2516291673878226,0.2
uniform_letters,59,aqvplvvzfial.invalid,aqvplvvzfial,12,0.25,2.8553885422075336,0.375
wordlist_pairs,59,frostrainbow.invalid,frostrainbow,12,0.3333333333333333,3.2516291673878226,0.2
readable_control,60,projectemail.invalid,projectemail,12,0.4166666666666667,3.4182958340544896,0.09090909090909091
uniform_letters,60,sowanpdprnfv.invalid,sowanpdprnfv,12,0.16666666666666666,3.2516291673878226,0.2
wordlist_pairs,60,stoneorchard.invalid,stoneorchard,12,0.3333333333333333,3.2516291673878226,0.2
readable_control,61,scienceemail.invalid,scienceemail,12,0.5,2.8553885422075336,0.375
uniform_letters,61,sxzvlcdhvsow.invalid,sxzvlcdhvsow,12,0.08333333333333333,3.2516291673878226,0.2
wordlist_pairs,61,thunderember.invalid,thunderember,12,0.3333333333333333,3.0220552088742005,0.2222222222222222
readable_control,62,teacherguide.invalid,teacherguide,12,0.5,3.188721875540867,0.1
uniform_letters,62,rstqpjujgnmg.invalid,rstqpjujgnmg,12,0.08333333333333333,3.2516291673878226,0.2
wordlist_pairs,62,lemonorchard.invalid,lemonorchard,12,0.3333333333333333,3.2516291673878226,0.2
readable_control,63,classemail.invalid,classemail,10,0.4,2.721928094887362,0.42857142857142855
uniform_letters,63,asmbyrjrrd.invalid,asmbyrjrrd,10,0.1,2.8464393446710154,0.125
wordlist_pairs,63,blossomsky.invalid,blossomsky,10,0.2,2.6464393446710157,0.2857142857142857
readable_control,64,studentguide.invalid,studentguide,12,0.4166666666666667,2.918295834054489,0.5
uniform_letters,64,wiuyeaxjymry.invalid,wiuyeaxjymry,12,0.3333333333333333,3.188721875540867,0.1
wordlist_pairs,64,rainbowhazel.invalid,rainbowhazel,12,0.4166666666666667,3.4182958340544896,0.09090909090909091
readable_control,65,studentemail.invalid,studentemail,12,0.4166666666666667,3.2516291673878226,0.2
uniform_letters,65,azlfkiijyvga.invalid,azlfkiijyvga,12,0.3333333333333333,3.2516291673878226,0.2
wordlist_pairs,65,orchardstone.invalid,orchardstone,12,0.3333333333333333,3.2516291673878226,0.2
readable_control,66,lecturelogin.invalid,lecturelogin,12,0.4166666666666667,3.2516291673878226,0.2
uniform_letters,66,illozgydkddx.invalid,illozgydkddx,12,0.16666666666666666,3.0220552088742005,0.2222222222222222
wordlist_pairs,66,lanternwater.invalid,lanternwater,12,0.3333333333333333,2.7516291673878226,0.7142857142857143
readable_control,67,sciencenotes.invalid,sciencenotes,12,0.4166666666666667,2.688721875540867,0.5714285714285714
uniform_letters,67,obbbwoyvpoyz.invalid,obbbwoyvpoyz,12,0.25,2.6258145836939115,0.42857142857142855
wordlist_pairs,67,whispercoral.invalid,whispercoral,12,0.3333333333333333,3.4182958340544896,0.09090909090909091
readable_control,68,projectpage.invalid,projectpage,11,0.36363636363636365,3.095795255000934,0.2222222222222222
uniform_letters,68,iewmhzjtkrq.invalid,iewmhzjtkrq,11,0.18181818181818182,3.4594316186372973,0.0
wordlist_pairs,68,flockwillow.invalid,flockwillow,11,0.2727272727272727,2.6635327548042547,0.42857142857142855
readable_control,69,teachersearch.invalid,teachersearch,13,0.38461538461538464,2.7192945256669794,0.7142857142857143
uniform_letters,69,nwrtellgtefps.invalid,nwrtellgtefps,13,0.15384615384615385,3.238901256602631,0.3
wordlist_pairs,69,valleywhisper.invalid,valleywhisper,13,0.3076923076923077,3.3927474104487847,0.18181818181818182
readable_control,70,classsearch.invalid,classsearch,11,0.2727272727272727,2.6635327548042547,0.42857142857142855
uniform_letters,70,levokpniyny.invalid,levokpniyny,11,0.2727272727272727,3.095795255000934,0.2222222222222222
wordlist_pairs,70,willowhoney.invalid,willowhoney,11,0.36363636363636365,2.913977073182752,0.375
readable_control,71,sciencepage.invalid,sciencepage,11,0.45454545454545453,2.8453509366224368,0.25
uniform_letters,71,rourbgwslrk.invalid,rourbgwslrk,11,0.18181818181818182,3.0271691184406184,0.1111111111111111
wordlist_pairs,71,winterbirch.invalid,winterbirch,11,0.2727272727272727,3.095795255000934,0.2222222222222222
readable_control,72,schoolguide.invalid,schoolguide,11,0.45454545454545453,3.2776134368191157,0.1
uniform_letters,72,xdepbngdbwe.invalid,xdepbngdbwe,11,0.18181818181818182,2.913977073182752,0.375
wordlist_pairs,72,summerdream.invalid,summerdream,11,0.36363636363636365,2.6635327548042547,0.42857142857142855
readable_control,73,libraryportal.invalid,libraryportal,13,0.3076923076923077,3.0269868333592873,0.3333333333333333
uniform_letters,73,bfdviruhrdhbm.invalid,bfdviruhrdhbm,13,0.15384615384615385,3.0850551027564768,0.4444444444444444
wordlist_pairs,73,harvestwillow.invalid,harvestwillow,13,0.3076923076923077,3.3927474104487847,0.18181818181818182
readable_control,74,librarycloud.invalid,librarycloud,12,0.3333333333333333,3.2516291673878226,0.2
uniform_letters,74,ohrdwrcniqkk.invalid,ohrdwrcniqkk,12,0.16666666666666666,3.2516291673878226,0.2
wordlist_pairs,74,moonlithoney.invalid,moonlithoney,12,0.4166666666666667,3.0220552088742005,0.2222222222222222
readable_control,75,schoolemail.invalid,schoolemail,11,0.45454545454545453,3.095795255000934,0.2222222222222222
uniform_letters,75,zsvdgryuocx.invalid,zsvdgryuocx,11,0.18181818181818182,3.4594316186372973,0.0
wordlist_pairs,75,rainbowpond.invalid,rainbowpond,11,0.36363636363636365,3.095795255000934,0.2222222222222222
readable_control,76,courseportal.invalid,courseportal,12,0.4166666666666667,3.2516291673878226,0.2
uniform_letters,76,knfkuoudwrjx.invalid,knfkuoudwrjx,12,0.25,3.2516291673878226,0.2
wordlist_pairs,76,rainbowriver.invalid,rainbowriver,12,0.4166666666666667,3.0220552088742005,0.2222222222222222
readable_control,77,lecturecloud.invalid,lecturecloud,12,0.4166666666666667,2.918295834054489,0.5
uniform_letters,77,qyykayhnmcak.invalid,qyykayhnmcak,12,0.16666666666666666,2.8553885422075336,0.375
wordlist_pairs,77,horizoncharm.invalid,horizoncharm,12,0.3333333333333333,3.084962500721156,0.3333333333333333
readable_control,78,facultynotes.invalid,facultynotes,12,0.3333333333333333,3.4182958340544896,0.09090909090909091
uniform_letters,78,hrrnuuzefpou.invalid,hrrnuuzefpou,12,0.4166666666666667,3.0220552088742005,0.2222222222222222
wordlist_pairs,78,thunderlemon.invalid,thunderlemon,12,0.3333333333333333,3.2516291673878226,0.2
readable_control,79,schoolpage.invalid,schoolpage,10,0.4,3.1219280948873624,0.1111111111111111
uniform_letters,79,fmbsogdguh.invalid,fmbsogdguh,10,0.2,3.1219280948873624,0.1111111111111111
wordlist_pairs,79,creekwater.invalid,creekwater,10,0.4,2.6464393446710157,0.2857142857142857
readable_control,80,lectureforum.invalid,lectureforum,12,0.4166666666666667,3.084962500721156,0.3333333333333333
uniform_letters,80,mkthbazxoivk.invalid,mkthbazxoivk,12,0.25,3.4182958340544896,0.09090909090909091
wordlist_pairs,80,oliverainbow.invalid,oliverainbow,12,0.5,3.2516291673878226,0.2
readable_control,81,classhelp.invalid,classhelp,9,0.2222222222222222,2.725480556997868,0.2857142857142857
uniform_letters,81,flrboxsdy.invalid,flrboxsdy,9,0.1111111111111111,3.169925001442312,0.0
wordlist_pairs,81,rosebirch.invalid,rosebirch,9,0.3333333333333333,2.94770277922009,0.125
readable_control,82,researchhelp.invalid,researchhelp,12,0.3333333333333333,2.8553885422075336,0.375
uniform_letters,82,omgmizyztbif.invalid,omgmizyztbif,12,0.25,3.084962500721156,0.3333333333333333
wordlist_pairs,82,harvestivory.invalid,harvestivory,12,0.3333333333333333,3.2516291673878226,0.2
readable_control,83,librarylogin.invalid,librarylogin,12,0.3333333333333333,3.084962500721156,0.3333333333333333
uniform_letters,83,wyqsqywtvlqc.invalid,wyqsqywtvlqc,12,0.0,2.8553885422075336,0.375
wordlist_pairs,83,grainblossom.invalid,grainblossom,12,0.3333333333333333,3.2516291673878226,0.2
readable_control,84,projectportal.invalid,projectportal,13,0.3076923076923077,3.0850551027564768,0.4444444444444444
uniform_letters,84,ettxeoxddecxa.invalid,ettxeoxddecxa,13,0.38461538461538464,2.6612262562697895,0.5714285714285714
wordlist_pairs,84,summerharvest.invalid,summerharvest,13,0.3076923076923077,3.0850551027564768,0.4444444444444444
readable_control,85,coursenotes.invalid,coursenotes,11,0.45454545454545453,2.913977073182752,0.375
uniform_letters,85,bnyimptmewm.invalid,bnyimptmewm,11,0.18181818181818182,3.0271691184406184,0.1111111111111111
wordlist_pairs,85,greensummer.invalid,greensummer,11,0.36363636363636365,2.6635327548042547,0.42857142857142855
readable_control,86,sciencehelp.invalid,sciencehelp,11,0.36363636363636365,2.8453509366224368,0.25
uniform_letters,86,afofdlnzjga.invalid,afofdlnzjga,11,0.2727272727272727,3.095795255000934,0.2222222222222222
wordlist_pairs,86,stormwillow.invalid,stormwillow,11,0.2727272727272727,2.913977073182752,0.375
readable_control,87,librarysearch.invalid,librarysearch,13,0.3076923076923077,3.180832987205441,0.2
uniform_letters,87,npufvteyzwimq.invalid,npufvteyzwimq,13,0.23076923076923078,3.7004397181410926,0.0
wordlist_pairs,87,rainbowforest.invalid,rainbowforest,13,0.38461538461538464,3.3927474104487847,0.18181818181818182
readable_control,88,facultyguide.invalid,facultyguide,12,0.4166666666666667,3.4182958340544896,0.09090909090909091
uniform_letters,88,pyghqdvjurdi.invalid,pyghqdvjurdi,12,0.16666666666666666,3.4182958340544896,0.09090909090909091
wordlist_pairs,88,valleysilver.invalid,valleysilver,12,0.3333333333333333,2.8553885422075336,0.375
readable_control,89,facultyforum.invalid,facultyforum,12,0.3333333333333333,3.2516291673878226,0.2
uniform_letters,89,khomrwmgqciv.invalid,khomrwmgqciv,12,0.16666666666666666,3.4182958340544896,0.09090909090909091
wordlist_pairs,89,fieldharvest.invalid,fieldharvest,12,0.3333333333333333,3.4182958340544896,0.09090909090909091
readable_control,90,sciencecloud.invalid,sciencecloud,12,0.4166666666666667,3.0220552088742005,0.2222222222222222
uniform_letters,90,rwvusgighsuj.invalid,rwvusgighsuj,12,0.25,3.084962500721156,0.3333333333333333
wordlist_pairs,90,amberblossom.invalid,amberblossom,12,0.3333333333333333,2.918295834054489,0.5
readable_control,91,teacheremail.invalid,teacheremail,12,0.5,3.0220552088742005,0.2222222222222222
uniform_letters,91,uinlvtzycdyt.invalid,uinlvtzycdyt,12,0.16666666666666666,3.2516291673878226,0.2
wordlist_pairs,91,amberlantern.invalid,amberlantern,12,0.3333333333333333,2.918295834054489,0.5
readable_control,92,courseforum.invalid,courseforum,11,0.45454545454545453,2.913977073182752,0.375
uniform_letters,92,aefedjwgtjf.invalid,aefedjwgtjf,11,0.2727272727272727,2.913977073182752,0.375
wordlist_pairs,92,applevalley.invalid,applevalley,11,0.36363636363636365,2.481714572986073,0.6666666666666666
readable_control,93,courseguide.invalid,courseguide,11,0.5454545454545454,3.095795255000934,0.2222222222222222
uniform_letters,93,dofjfnrmjjo.invalid,dofjfnrmjjo,11,0.18181818181818182,2.6635327548042547,0.42857142857142855
wordlist_pairs,93,olivewillow.invalid,olivewillow,11,0.45454545454545453,2.481714572986073,0.6666666666666666
readable_control,94,courselogin.invalid,courselogin,11,0.45454545454545453,3.2776134368191157,0.1
uniform_letters,94,zcysnbinrxg.invalid,zcysnbinrxg,11,0.09090909090909091,3.2776134368191157,0.1
wordlist_pairs,94,thunderpond.invalid,thunderpond,11,0.2727272727272727,3.095795255000934,0.2222222222222222
readable_control,95,studentportal.invalid,studentportal,13,0.3076923076923077,3.334679141051595,0.09090909090909091
uniform_letters,95,venqrqhtjrcyd.invalid,venqrqhtjrcyd,13,0.07692307692307693,3.3927474104487847,0.18181818181818182
wordlist_pairs,95,silverblossom.invalid,silverblossom,13,0.3076923076923077,3.0269868333592873,0.3333333333333333
readable_control,96,campusemail.invalid,campusemail,11,0.45454545454545453,3.095795255000934,0.2222222222222222
uniform_letters,96,odindcacbui.invalid,odindcacbui,11,0.45454545454545453,2.913977073182752,0.375
wordlist_pairs,96,ivorywinter.invalid,ivorywinter,11,0.36363636363636365,3.095795255000934,0.2222222222222222
readable_control,97,facultyhelp.invalid,facultyhelp,11,0.2727272727272727,3.2776134368191157,0.1
uniform_letters,97,rnwzbkmkeni.invalid,rnwzbkmkeni,11,0.18181818181818182,3.095795255000934,0.2222222222222222
wordlist_pairs,97,fernblossom.invalid,fernblossom,11,0.2727272727272727,3.095795255000934,0.2222222222222222
readable_control,98,teacherlogin.invalid,teacherlogin,12,0.4166666666666667,3.4182958340544896,0.09090909090909091
uniform_letters,98,bawgfwurkgiq.invalid,bawgfwurkgiq,12,0.25,3.2516291673878226,0.2
wordlist_pairs,98,morningfrost.invalid,morningfrost,12,0.25,3.084962500721156,0.3333333333333333
readable_control,99,researchguide.invalid,researchguide,13,0.46153846153846156,3.180832987205441,0.2
uniform_letters,99,rwryijsacxmup.invalid,rwryijsacxmup,13,0.23076923076923078,3.546593564294939,0.08333333333333333
wordlist_pairs,99,horizonforest.invalid,horizonforest,13,0.38461538461538464,3.180832987205441,0.2
readable_control,100,teacherforum.invalid,teacherforum,12,0.4166666666666667,3.2516291673878226,0.2
uniform_letters,100,vzcjzpxqyivm.invalid,vzcjzpxqyivm,12,0.08333333333333333,3.2516291673878226,0.2
wordlist_pairs,100,cedarrainbow.invalid,cedarrainbow,12,0.4166666666666667,3.2516291673878226,0.2
readable_control,101,projecthelp.invalid,projecthelp,11,0.2727272727272727,3.095795255000934,0.2222222222222222
uniform_letters,101,wbludcabgxj.invalid,wbludcabgxj,11,0.18181818181818182,3.2776134368191157,0.1
wordlist_pairs,101,blossomleaf.invalid,blossomleaf,11,0.36363636363636365,2.913977073182752,0.375
readable_control,102,sciencelogin.invalid,sciencelogin,12,0.4166666666666667,2.918295834054489,0.5
uniform_letters,102,wubbpytcrfno.invalid,wubbpytcrfno,12,0.16666666666666666,3.4182958340544896,0.09090909090909091
wordlist_pairs,102,grainrainbow.invalid,grainrainbow,12,0.4166666666666667,2.918295834054489,0.5
readable_control,103,lectureportal.invalid,lectureportal,13,0.38461538461538464,3.0850551027564768,0.4444444444444444
uniform_letters,103,dozjxocuudrhf.invalid,dozjxocuudrhf,13,0.3076923076923077,3.238901256602631,0.3
wordlist_pairs,103,whispersummer.invalid,whispersummer,13,0.3076923076923077,3.0850551027564768,0.4444444444444444
readable_control,104,campusguide.invalid,campusguide,11,0.45454545454545453,3.2776134368191157,0.1
uniform_letters,104,ghrrkcrlxlr.invalid,ghrrkcrlxlr,11,0.0,2.550340709546388,0.2857142857142857
wordlist_pairs,104,orchardsnow.invalid,orchardsnow,11,0.2727272727272727,3.095795255000934,0.2222222222222222
readable_control,105,campusforum.invalid,campusforum,11,0.36363636363636365,3.095795255000934,0.2222222222222222
uniform_letters,105,sgtygmrxyse.invalid,sgtygmrxyse,11,0.09090909090909091,2.913977073182752,0.375
wordlist_pairs,105,valleyapple.invalid,valleyapple,11,0.36363636363636365,2.481714572986073,0.6666666666666666
readable_control,106,campusnotes.invalid,campusnotes,11,0.36363636363636365,3.2776134368191157,0.1
uniform_letters,106,ircwrjvfsyv.invalid,ircwrjvfsyv,11,0.09090909090909091,3.095795255000934,0.2222222222222222
wordlist_pairs,106,forestcreek.invalid,forestcreek,11,0.36363636363636365,2.8453509366224368,0.25
readable_control,107,teacherhelp.invalid,teacherhelp,11,0.36363636363636365,2.8453509366224368,0.25
uniform_letters,107,iwjwoufdkwo.invalid,iwjwoufdkwo,11,0.36363636363636365,2.8453509366224368,0.25
wordlist_pairs,107,mistorchard.invalid,mistorchard,11,0.2727272727272727,3.2776134368191157,0.1
readable_control,108,classportal.invalid,classportal,11,0.2727272727272727,2.913977073182752,0.375
uniform_letters,108,bcnysmwjbbe.invalid,bcnysmwjbbe,11,0.09090909090909091,3.0271691184406184,0.1111111111111111
wordlist_pairs,108,embermeadow.invalid,embermeadow,11,0.45454545454545453,2.8453509366224368,0.25
readable_control,109,facultyportal.invalid,facultyportal,13,0.3076923076923077,3.238901256602631,0.3
uniform_letters,109,qpbrplqnmzxtp.invalid,qpbrplqnmzxtp,13,0.0,3.180832987205441,0.2
wordlist_pairs,109,sunrisewillow.invalid,sunrisewillow,13,0.38461538461538464,3.0850551027564768,0.4444444444444444
readable_control,110,lecturepage.invalid,lecturepage,11,0.45454545454545453,3.0271691184406184,0.1111111111111111
uniform_letters,110,bsgujcfpkke.invalid,bsgujcfpkke,11,0.18181818181818182,3.2776134368191157,0.1
wordlist_pairs,110,harborrobin.invalid,harborrobin,11,0.36363636363636365,2.6635327548042547,0.42857142857142855
readable_control,111,researchforum.invalid,researchforum,13,0.38461538461538464,3.180832987205441,0.2
uniform_letters,111,vjypnyjdoodmz.invalid,vjypnyjdoodmz,13,0.15384615384615385,3.0850551027564768,0.4444444444444444
wordlist_pairs,111,orchardmeadow.invalid,orchardmeadow,13,0.38461538461538464,3.0850551027564768,0.4444444444444444
readable_control,112,studentforum.invalid,studentforum,12,0.3333333333333333,3.2516291673878226,0.2
uniform_letters,112,kbhvpcpmmsll.invalid,kbhvpcpmmsll,12,0.0,3.084962500721156,0.3333333333333333
wordlist_pairs,112,appleblossom.invalid,appleblossom,12,0.3333333333333333,2.918295834054489,0.5
readable_control,113,classguide.invalid,classguide,10,0.4,3.1219280948873624,0.1111111111111111
uniform_letters,113,rvzvpgvhpq.invalid,rvzvpgvhpq,10,0.0,2.6464393446710157,0.2857142857142857
wordlist_pairs,113,bloomamber.invalid,bloomamber,10,0.4,2.721928094887362,0.42857142857142855
readable_control,114,projectnotes.invalid,projectnotes,12,0.3333333333333333,3.084962500721156,0.3333333333333333
uniform_letters,114,fqslnjybejuf.invalid,fqslnjybejuf,12,0.16666666666666666,3.2516291673878226,0.2
wordlist_pairs,114,coralthunder.invalid,coralthunder,12,0.3333333333333333,3.4182958340544896,0.09090909090909091
readable_control,115,scienceforum.invalid,scienceforum,12,0.4166666666666667,3.2516291673878226,0.2
uniform_letters,115,cbyyynyrfijp.invalid,cbyyynyrfijp,12,0.08333333333333333,2.9182958340544896,0.1111111111111111
wordlist_pairs,115,breadrainbow.invalid,breadrainbow,12,0.4166666666666667,3.084962500721156,0.3333333333333333
readable_control,116,scienceportal.invalid,scienceportal,13,0.38461538461538464,3.3927474104487847,0.18181818181818182
uniform_letters,116,tdqanhfklkuig.invalid,tdqanhfklkuig,13,0.23076923076923078,3.546593564294939,0.08333333333333333
wordlist_pairs,116,meadowharvest.invalid,meadowharvest,13,0.38461538461538464,3.3927474104487847,0.18181818181818182
readable_control,117,researchlogin.invalid,researchlogin,13,0.38461538461538464,3.3927474104487847,0.18181818181818182
uniform_letters,117,fnpsmgjsldikp.invalid,fnpsmgjsldikp,13,0.07692307692307693,3.3927474104487847,0.18181818181818182
wordlist_pairs,117,sunriseharbor.invalid,sunriseharbor,13,0.38461538461538464,3.180832987205441,0.2
readable_control,118,campussearch.invalid,campussearch,12,0.3333333333333333,3.084962500721156,0.3333333333333333
uniform_letters,118,wynpdukzgjgd.invalid,wynpdukzgjgd,12,0.08333333333333333,3.2516291673878226,0.2
wordlist_pairs,118,horizonpearl.invalid,horizonpearl,12,0.4166666666666667,3.2516291673878226,0.2
readable_control,119,studentcloud.invalid,studentcloud,12,0.3333333333333333,3.084962500721156,0.3333333333333333
uniform_letters,119,tzkalttfriqx.invalid,tzkalttfriqx,12,0.16666666666666666,3.188721875540867,0.1
wordlist_pairs,119,whispercharm.invalid,whispercharm,12,0.25,3.2516291673878226,0.2
readable_control,120,projectguide.invalid,projectguide,12,0.4166666666666667,3.4182958340544896,0.09090909090909091
uniform_letters,120,virfvraylvjq.invalid,virfvraylvjq,12,0.16666666666666666,3.0220552088742005,0.2222222222222222
wordlist_pairs,120,honeysunrise.invalid,honeysunrise,12,0.4166666666666667,3.084962500721156,0.3333333333333333
